Route_Name,Route_Link,Bus_Name,Bus_Type,Departing_Time,Duration,Reaching_Time,Star_Rating,Price,Seat_Availability
Pune to Goa,https://www.redbus.in/bus-tickets/pune-to-goa,Kadamba Transport Corporation Limited (KTCL) - 141177,Non AC Seater 2+2,19:00,10h 00m,05:00,3.6,INR 600,21 Seats available
Pune to Goa,https://www.redbus.in/bus-tickets/pune-to-goa,Kadamba Transport Corporation Limited (KTCL) - 89821,A/C Sleeper (2+1),19:15,10h 35m,05:50,3.8,INR 1100,13 Seats available
Pune to Goa,https://www.redbus.in/bus-tickets/pune-to-goa,IntrCity SmartBus,Bharat Benz A/C Seater /Sleeper (2+1),21:15,10h 40m,07:55,4.5,INR 600,16 Seats available
Pune to Goa,https://www.redbus.in/bus-tickets/pune-to-goa,KVT Narmada Benz,Bharat Benz A/C Sleeper (2+1),22:00,10h 00m,08:00,4.0,INR 999,14 Seats available
Pune to Goa,https://www.redbus.in/bus-tickets/pune-to-goa,Prasanna - Purple Bus,VE A/C Sleeper (2+1),22:30,11h 00m,09:30,4.0,INR 1020,17 Seats available
Pune to Goa,https://www.redbus.in/bus-tickets/pune-to-goa,Gogte Anand Travels,Volvo Multi-Axle A/C Sleeper (2+1),23:30,10h 55m,10:25,4.0,INR 1001,15 Seats available
Pune to Goa,https://www.redbus.in/bus-tickets/pune-to-goa,Ashray Grand,Volvo Multi-Axle A/C Sleeper (2+1),23:00,11h 00m,10:00,4.1,INR 1050,16 Seats available
Pune to Goa,https://www.redbus.in/bus-tickets/pune-to-goa,Laxmi Queen Asta,A/C Sleeper (2+1),21:30,10h 30m,08:00,4.0,INR 900,17 Seats available
Pune to Goa,https://www.redbus.in/bus-tickets/pune-to-goa,Gogte Shree Travels,A/C Sleeper (2+1),20:40,10h 45m,07:25,4.4,INR 901,14 Seats available
Pune to Goa,https://www.redbus.in/bus-tickets/pune-to-goa,Zingbus Plus,AC Sleeper (2+1),22:45,11h 10m,09:55,4.2,900,12 Seats available
Pune to Goa,https://www.redbus.in/bus-tickets/pune-to-goa,Gogte Anand Travels,Volvo Multi-Axle I-Shift A/C Sleeper (2+1),21:15,10h 40m,07:55,4.1,INR 1001,14 Seats available
Pune to Goa,https://www.redbus.in/bus-tickets/pune-to-goa,Ashray Amrutyog,A/C Sleeper (2+1),22:05,11h 25m,09:30,4.4,INR 900,12 Seats available
Pune to Goa,https://www.redbus.in/bus-tickets/pune-to-goa,IntrCity SmartBus,AC Sleeper (2+1),22:35,10h 25m,09:00,4.2,INR 1012,10 Seats available
Pune to Goa,https://www.redbus.in/bus-tickets/pune-to-goa,Ashray National Express,NON A/C Sleeper (2+1),20:00,10h 45m,06:45,4.2,INR 1160,1 Seat available
Pune to Goa,https://www.redbus.in/bus-tickets/pune-to-goa,IntrCity SmartBus,AC Sleeper (2+1),22:00,11h 35m,09:35,4.4,INR 900,7 Seats available
Pune to Goa,https://www.redbus.in/bus-tickets/pune-to-goa,IntrCity SmartBus,Bharat Benz A/C Sleeper (2+1),22:30,11h 05m,09:35,4.0,INR 900,13 Seats available
Pune to Goa,https://www.redbus.in/bus-tickets/pune-to-goa,Sangitam Travels Tanzanite,A/C Sleeper (2+1),21:00,09h 45m,06:45,4.3,INR 905,8 Seats available
Pune to Goa,https://www.redbus.in/bus-tickets/pune-to-goa,Zingbus Plus,Bharat Benz A/C Sleeper (2+1),23:45,11h 10m,10:55,4.4,900,6 Seats available
Pune to Goa,https://www.redbus.in/bus-tickets/pune-to-goa,Ashray Travels,Bharat Benz A/C Sleeper (2+1),21:05,11h 25m,08:30,4.2,INR 1000,9 Seats available
Pune to Goa,https://www.redbus.in/bus-tickets/pune-to-goa,Ashray Vip Yellows,A/C Sleeper (2+1),20:35,11h 25m,08:00,4.2,INR 920,7 Seats available
Pune to Goa,https://www.redbus.in/bus-tickets/pune-to-goa,IntrCity SmartBus,Bharat Benz A/C Sleeper (2+1),20:25,10h 45m,07:10,4.2,INR 975,4 Seats available
Pune to Goa,https://www.redbus.in/bus-tickets/pune-to-goa,Atmaram Gobus,VE A/C Sleeper (2+1),21:00,10h 30m,07:30,4.7,INR 900,3 Seats available
Pune to Goa,https://www.redbus.in/bus-tickets/pune-to-goa,IntrCity SmartBus,Bharat Benz A/C Sleeper (2+1),21:00,10h 40m,07:40,4.4,INR 900,12 Seats available
Pune to Goa,https://www.redbus.in/bus-tickets/pune-to-goa,IntrCity SmartBus,AC Sleeper (2+1),23:20,10h 40m,10:00,4.4,INR 1063,11 Seats available
Pune to Goa,https://www.redbus.in/bus-tickets/pune-to-goa,Ashray Travels,Non A/C Seater / Sleeper (2+1),21:20,11h 30m,08:50,4.3,INR 970,5 Seats available
Pune to Goa,https://www.redbus.in/bus-tickets/pune-to-goa,Atmaram Gobus,VE A/C Sleeper (2+1),22:30,10h 15m,08:45,4.6,INR 950,1 Seat available
Pune to Goa,https://www.redbus.in/bus-tickets/pune-to-goa,Gogte Travels,A/C Sleeper (2+1),20:15,10h 45m,07:00,4.3,INR 901,6 Seats available
Pune to Goa,https://www.redbus.in/bus-tickets/pune-to-goa,Indumati Travels,A/C Sleeper (2+1),22:20,10h 10m,08:30,4.3,879,8 Seats available
Pune to Goa,https://www.redbus.in/bus-tickets/pune-to-goa,IntrCity SmartBus,AC Sleeper (2+1),22:10,10h 40m,08:50,4.3,INR 1036,6 Seats available
Pune to Goa,https://www.redbus.in/bus-tickets/pune-to-goa,Dolphin Travel House (37),Bharat Benz A/C Sleeper (2+1),19:45,10h 15m,06:00,4.2,INR 1119,3 Seats available
Pune to Goa,https://www.redbus.in/bus-tickets/pune-to-goa,Laxmi-Princess Nova,Non A/C Seater / Sleeper (2+1),20:00,11h 15m,07:15,4.2,INR 700,2 Seats available
Pune to Goa,https://www.redbus.in/bus-tickets/pune-to-goa,Prasanna - Purple Bus,VE A/C Sleeper (2+1),23:00,11h 00m,10:00,4.5,INR 1020,22 Seats available
Pune to Goa,https://www.redbus.in/bus-tickets/pune-to-goa,Anand Ashray Travels,Volvo Multi-Axle A/C Sleeper (2+1),22:30,10h 30m,09:00,4.1,INR 1399,1 Seat available
Pune to Goa,https://www.redbus.in/bus-tickets/pune-to-goa,Prasanna - Purple Bus,VE A/C Sleeper (2+1),21:45,11h 00m,08:45,3.3,INR 1220,25 Seats available
Pune to Goa,https://www.redbus.in/bus-tickets/pune-to-goa,KVT Narmada Benz,Bharat Benz A/C Sleeper (2+1),21:25,10h 36m,08:01,3.9,INR 999,14 Seats available
Pune to Goa,https://www.redbus.in/bus-tickets/pune-to-goa,Prasanna - Purple Bus,VE A/C Sleeper (2+1),22:15,11h 15m,09:30,3.7,INR 1320,14 Seats available
Pune to Goa,https://www.redbus.in/bus-tickets/pune-to-goa,Atmaram Gobus,NON A/C Sleeper (2+1),20:30,10h 30m,07:00,3.8,INR 800,10 Seats available
Pune to Goa,https://www.redbus.in/bus-tickets/pune-to-goa,Gogte Travels (Manish),Non AC Seater (2+2),19:20,12h 10m,07:30,3.1,INR 500,25 Seats available
Pune to Goa,https://www.redbus.in/bus-tickets/pune-to-goa,Laxmi Queen Prime,A/C Sleeper (2+1),20:30,11h 00m,07:30,3.8,INR 900,17 Seats available
Pune to Goa,https://www.redbus.in/bus-tickets/pune-to-goa,Anand Tours And Travels,NON A/C Sleeper (2+1),21:00,10h 15m,07:15,4.1,INR 2000,48 Seats available
Pune to Goa,https://www.redbus.in/bus-tickets/pune-to-goa,M R Travels,A/C Seater / Sleeper (2+1),19:00,14h 10m,09:10,3.9,INR 2000,35 Seats available
Pune to Goa,https://www.redbus.in/bus-tickets/pune-to-goa,M R Travels,A/C Seater / Sleeper (2+1),21:00,13h 30m,10:30,3.9,INR 2000,35 Seats available
Pune to Goa,https://www.redbus.in/bus-tickets/pune-to-goa,Dolphin Travel House (38),Bharat Benz A/C Sleeper (2+1),21:30,10h 00m,07:30,3.9,INR 919,8 Seats available
Pune to Goa,https://www.redbus.in/bus-tickets/pune-to-goa,Shreyash Travels,Bharat Benz A/C Sleeper (2+1),21:45,10h 45m,08:30,3.7,841,3 Seats available
Pune to Goa,https://www.redbus.in/bus-tickets/pune-to-goa,Gogte Shreyas,A/C Sleeper (2+1),21:45,11h 15m,09:00,3.8,INR 901,3 Seats available
Pune to Goa,https://www.redbus.in/bus-tickets/pune-to-goa,Abhishek Vishal Travels,A/C Sleeper (2+1),23:00,09h 40m,08:40,3.6,INR 900,19 Seats available
Pune to Goa,https://www.redbus.in/bus-tickets/pune-to-goa,Ashray Atmaram Divine,NON A/C Sleeper (2+1),19:45,11h 00m,06:45,3.9,INR 700,6 Seats available
Pune to Goa,https://www.redbus.in/bus-tickets/pune-to-goa,Humsafar Travels,Bharat Benz A/C Sleeper (2+1),22:50,10h 40m,09:30,3.3,INR 950,16 Seats available
Pune to Goa,https://www.redbus.in/bus-tickets/pune-to-goa,Rajdhani Travels Corporation,VE A/C Sleeper (2+1),23:15,10h 20m,09:35,3.8,1200,3 Seats available
Pune to Goa,https://www.redbus.in/bus-tickets/pune-to-goa,Laxmi Empress Stellar,NON A/C Sleeper (2+1),21:00,11h 00m,08:00,3.9,INR 700,3 Seats available
Pune to Goa,https://www.redbus.in/bus-tickets/pune-to-goa,PSR Travels Goa (Parrikar),A/C Sleeper (2+1),23:45,09h 45m,09:30,3.4,INR 999,7 Seats available
Pune to Goa,https://www.redbus.in/bus-tickets/pune-to-goa,Dolphin travel house,A/C Sleeper (2+1),23:00,11h 45m,10:45,3.7,INR 919,21 Seats available
Pune to Goa,https://www.redbus.in/bus-tickets/pune-to-goa,Abhishek Vishal Travels,A/C Sleeper (2+1),00:15,10h 00m,10:15,3.3,INR 900,24 Seats available
Pune to Goa,https://www.redbus.in/bus-tickets/pune-to-goa,Abhishek Vishal Travels,NON A/C Push Back (2+2),21:25,09h 45m,07:10,3.0,INR 600,7 Seats available
Pune to Goa,https://www.redbus.in/bus-tickets/pune-to-goa,VRL Travels,A/C Sleeper (2+1),23:30,10h 15m,09:45,2.5,INR 1020,11 Seats available
Pune to Goa,https://www.redbus.in/bus-tickets/pune-to-goa,Prasanna - Purple Bus,VE A/C Sleeper (2+1),21:30,11h 00m,08:30,3.5,INR 920,28 Seats available
Pune to Goa,https://www.redbus.in/bus-tickets/pune-to-goa,Dolphin Travel House (39),A/C Sleeper (2+1),22:25,10h 05m,08:30,2.5,INR 919,23 Seats available
Goa to Pune,https://www.redbus.in/bus-tickets/goa-to-pune,Kadamba Transport Corporation Limited (KTCL) - 6032,Non AC Seater 2+2,18:00,14h 00m,08:00,4.0,INR 600,38 Seats available
Goa to Pune,https://www.redbus.in/bus-tickets/goa-to-pune,Kadamba Transport Corporation Limited (KTCL) - 89820,A/C Sleeper (2+1),19:00,12h 00m,07:00,3.2,INR 800,21 Seats available
Goa to Pune,https://www.redbus.in/bus-tickets/goa-to-pune,Ashray Travels,Bharat Benz A/C Sleeper (2+1),22:30,11h 30m,10:00,4.4,INR 900,13 Seats available
Goa to Pune,https://www.redbus.in/bus-tickets/goa-to-pune,IntrCity SmartBus,Bharat Benz A/C Seater /Sleeper (2+1),20:30,10h 15m,06:45,4.5,INR 600,11 Seats available
Goa to Pune,https://www.redbus.in/bus-tickets/goa-to-pune,Prasanna - Purple Bus,VE A/C Sleeper (2+1),22:00,09h 30m,07:30,4.0,INR 925,20 Seats available
Goa to Pune,https://www.redbus.in/bus-tickets/goa-to-pune,AdIntrCity SmartBus,Bharat Benz A/C Sleeper (2+1),20:50,10h 25m,07:15,3.8,INR 900,13 Seats available
Goa to Pune,https://www.redbus.in/bus-tickets/goa-to-pune,Prasanna - Purple Bus,VE A/C Sleeper (2+1),17:00,12h 00m,05:00,4.2,INR 995,14 Seats available
Goa to Pune,https://www.redbus.in/bus-tickets/goa-to-pune,Sangitam Travels Tanzanite,A/C Sleeper (2+1),21:00,10h 30m,07:30,4.4,INR 905,11 Seats available
Goa to Pune,https://www.redbus.in/bus-tickets/goa-to-pune,IntrCity SmartBus,AC Sleeper (2+1),21:00,10h 05m,07:05,4.3,INR 1108,6 Seats available
Goa to Pune,https://www.redbus.in/bus-tickets/goa-to-pune,Atmaram Gobus,VE A/C Sleeper (2+1),21:32,09h 30m,07:02,4.6,INR 900,6 Seats available
Goa to Pune,https://www.redbus.in/bus-tickets/goa-to-pune,Atmaram Travels ( Gogte ),A/C Sleeper (2+1),19:02,10h 58m,06:00,4.3,INR 900,20 Seats available
Goa to Pune,https://www.redbus.in/bus-tickets/goa-to-pune,Ashray Grand,Volvo Multi-Axle A/C Sleeper (2+1),22:00,11h 30m,09:30,4.0,INR 1000,14 Seats available
Goa to Pune,https://www.redbus.in/bus-tickets/goa-to-pune,Anand Ashray Travels,Volvo Multi-Axle A/C Sleeper (2+1),20:00,10h 30m,06:30,4.1,INR 1001,18 Seats available
Goa to Pune,https://www.redbus.in/bus-tickets/goa-to-pune,IntrCity SmartBus,AC Sleeper (2+1),18:30,10h 55m,05:25,4.6,INR 1000,7 Seats available
Goa to Pune,https://www.redbus.in/bus-tickets/goa-to-pune,IntrCity SmartBus,Bharat Benz A/C Sleeper (2+1),20:00,10h 15m,06:15,4.3,INR 900,14 Seats available
Goa to Pune,https://www.redbus.in/bus-tickets/goa-to-pune,Zingbus Plus,VE A/C Sleeper (2+1),20:50,10h 20m,07:10,4.6,900,11 Seats available
Goa to Pune,https://www.redbus.in/bus-tickets/goa-to-pune,IntrCity SmartBus,Bharat Benz A/C Sleeper (2+1),21:30,10h 15m,07:45,4.4,INR 924,7 Seats available
Goa to Pune,https://www.redbus.in/bus-tickets/goa-to-pune,IntrCity SmartBus,AC Sleeper (2+1),19:00,10h 30m,05:30,4.4,INR 900,8 Seats available
Goa to Pune,https://www.redbus.in/bus-tickets/goa-to-pune,Amrutyog Travels,A/C Sleeper (2+1),20:00,11h 22m,07:22,4.2,INR 900,25 Seats available
Goa to Pune,https://www.redbus.in/bus-tickets/goa-to-pune,Zingbus Plus,Bharat Benz A/C Sleeper (2+1),19:40,09h 50m,05:30,4.2,900,8 Seats available
Goa to Pune,https://www.redbus.in/bus-tickets/goa-to-pune,Indumati Travels,A/C Sleeper (2+1),21:00,10h 00m,07:00,4.1,879,16 Seats available
Goa to Pune,https://www.redbus.in/bus-tickets/goa-to-pune,Atmaram Travels ( Ashray ),A/C Sleeper (2+1),22:02,12h 08m,10:10,4.0,INR 900,16 Seats available
Goa to Pune,https://www.redbus.in/bus-tickets/goa-to-pune,"National Travels,Goa",NON A/C Sleeper (2+1),19:00,11h 20m,06:20,4.2,INR 700,12 Seats available
Goa to Pune,https://www.redbus.in/bus-tickets/goa-to-pune,Rajdhani Travels Corporation,VE A/C Sleeper (2+1),18:00,12h 10m,06:10,4.1,INR 1000,6 Seats available
Goa to Pune,https://www.redbus.in/bus-tickets/goa-to-pune,Laxmi Queen Asta,A/C Sleeper (2+1),20:30,10h 30m,07:00,4.0,INR 900,12 Seats available
Goa to Pune,https://www.redbus.in/bus-tickets/goa-to-pune,Atmaram Gobus,NON A/C Sleeper (2+1),20:01,10h 30m,06:31,4.3,INR 700,3 Seats available
Goa to Pune,https://www.redbus.in/bus-tickets/goa-to-pune,Atmaram Gobus,NON A/C Sleeper (2+1),19:01,10h 30m,05:31,4.2,INR 700,3 Seats available
Goa to Pune,https://www.redbus.in/bus-tickets/goa-to-pune,Laxmi-Princess Nova,Non A/C Seater / Sleeper (2+1),19:00,11h 30m,06:30,3.9,INR 500,12 Seats available
Goa to Pune,https://www.redbus.in/bus-tickets/goa-to-pune,Prasanna - Purple Bus,VE A/C Sleeper (2+1),18:00,12h 15m,06:15,3.9,INR 1020,15 Seats available
Goa to Pune,https://www.redbus.in/bus-tickets/goa-to-pune,Giroba Travels (Kelkar),NON A/C Airbus (2+2),18:00,11h 30m,05:30,3.2,INR 500,24 Seats available
Goa to Pune,https://www.redbus.in/bus-tickets/goa-to-pune,Atmaram Travels (Humsafar),Bharat Benz A/C Sleeper (2+1),19:30,09h 30m,05:00,3.7,INR 1100,7 Seats available
Goa to Pune,https://www.redbus.in/bus-tickets/goa-to-pune,Atmaram Travels (Shreyas),Bharat Benz A/C Sleeper (2+1),20:03,10h 30m,06:33,3.4,INR 900,18 Seats available
Goa to Pune,https://www.redbus.in/bus-tickets/goa-to-pune,Giroba Travels (Shree),A/C Sleeper (2+1),19:00,11h 30m,06:30,3.7,INR 899,18 Seats available
Goa to Pune,https://www.redbus.in/bus-tickets/goa-to-pune,Atmaram Travels (Dolphin),A/C Sleeper (2+1),19:30,13h 10m,08:40,3.0,INR 1000,26 Seats available
Goa to Pune,https://www.redbus.in/bus-tickets/goa-to-pune,Anand Ashray Travels,Volvo Multi-Axle I-Shift A/C Sleeper (2+1),21:00,12h 20m,09:20,3.5,INR 1001,28 Seats available
Goa to Pune,https://www.redbus.in/bus-tickets/goa-to-pune,Atmaram Travels (Dolphin),A/C Sleeper (2+1),15:55,09h 05m,01:00,3.9,INR 1199,5 Seats available
Goa to Pune,https://www.redbus.in/bus-tickets/goa-to-pune,Prasanna - Purple Bus,VE A/C Sleeper (2+1),22:15,09h 30m,07:45,3.9,INR 920,20 Seats available
Goa to Pune,https://www.redbus.in/bus-tickets/goa-to-pune,Atmaram Travels (Dolphin),A/C Sleeper (2+1),18:30,11h 00m,05:30,3.6,INR 1000,30 Seats available
Goa to Pune,https://www.redbus.in/bus-tickets/goa-to-pune,IntrCity SmartBus,Bharat Benz A/C Sleeper (2+1),20:45,10h 25m,07:10,4.4,INR 900,15 Seats available
Goa to Pune,https://www.redbus.in/bus-tickets/goa-to-pune,Amrutyog Travels,NON A/C Sleeper (2+1),19:00,13h 00m,08:00,4.2,INR 5000,35 Seats available
Goa to Pune,https://www.redbus.in/bus-tickets/goa-to-pune,Atmaram Travels Goa,A/C Sleeper (2+1),20:30,10h 15m,06:45,3.9,INR 3500,36 Seats available
Goa to Pune,https://www.redbus.in/bus-tickets/goa-to-pune,Atmaram Travels (Vishal),A/C Sleeper (2+1),17:30,13h 50m,07:20,3.9,INR 1000,19 Seats available
Goa to Pune,https://www.redbus.in/bus-tickets/goa-to-pune,VAILANKANNI TRAVELS,VE A/C Sleeper (2+1),18:30,12h 25m,06:55,3.8,INR 1000,24 Seats available
Goa to Pune,https://www.redbus.in/bus-tickets/goa-to-pune,Manish Sharma Travels,A/C Sleeper (2+1),20:00,09h 45m,05:45,3.6,INR 1000,28 Seats available
Goa to Pune,https://www.redbus.in/bus-tickets/goa-to-pune,Atmaram Travels (Unity),A/C Sleeper (2+1),20:00,11h 00m,07:00,3.8,INR 1000,26 Seats available
Goa to Pune,https://www.redbus.in/bus-tickets/goa-to-pune,Laxmi Queen Prime,A/C Sleeper (2+1),19:30,11h 00m,06:30,3.8,INR 900,8 Seats available
Goa to Pune,https://www.redbus.in/bus-tickets/goa-to-pune,Laxmi Empress Stellar,NON A/C Sleeper (2+1),19:45,11h 00m,06:45,3.7,INR 700,4 Seats available
Goa to Pune,https://www.redbus.in/bus-tickets/goa-to-pune,Atmaram Travels(M.Dev),A/C Sleeper (2+1),22:00,10h 00m,08:00,3.8,INR 1000,29 Seats available
Goa to Pune,https://www.redbus.in/bus-tickets/goa-to-pune,PSR Travels Goa (Parrikar),A/C Sleeper (2+1),19:15,10h 45m,06:00,3.7,INR 950,2 Seats available
Goa to Pune,https://www.redbus.in/bus-tickets/goa-to-pune,Atmaram Travels (Dolphin),A/C Sleeper (2+1),22:45,11h 30m,10:15,3.8,INR 1000,25 Seats available
Goa to Pune,https://www.redbus.in/bus-tickets/goa-to-pune,VRL Travels,A/C Sleeper (2+1),19:30,11h 15m,06:45,3.7,INR 900,19 Seats available
Goa to Pune,https://www.redbus.in/bus-tickets/goa-to-pune,PSR Travels (Vaibhav),A/C Sleeper (2+1),22:30,09h 00m,07:30,3.6,INR 1050,29 Seats available
Goa to Pune,https://www.redbus.in/bus-tickets/goa-to-pune,Atmaram Travels (Dolphin),A/C Sleeper (2+1),16:05,10h 25m,02:30,3.2,INR 1000,8 Seats available
Goa to Pune,https://www.redbus.in/bus-tickets/goa-to-pune,Naik Tours And Travels,NON A/C Sleeper (2+1),17:00,12h 45m,05:45,2.5,INR 800,15 Seats available
Goa to Pune,https://www.redbus.in/bus-tickets/goa-to-pune,Atmaram Travels (Dolphin),A/C Sleeper (2+1),16:30,11h 00m,03:30,2.7,INR 1000,14 Seats available
Goa to Pune,https://www.redbus.in/bus-tickets/goa-to-pune,Prasanna - Purple Bus,VE A/C Sleeper (2+1),21:00,10h 00m,07:00,3.4,INR 905,18 Seats available
Goa to Pune,https://www.redbus.in/bus-tickets/goa-to-pune,Jolly Tours and Travels,A/C Sleeper (2+1),18:30,11h 15m,05:45,1.9,1349,5 Seats available
Mumbai to Goa,https://www.redbus.in/bus-tickets/mumbai-to-goa,Kadamba Transport Corporation Limited (KTCL) - 97386,Volvo AC Seater Pushback 2+2,17:05,12h 55m,06:00,3.8,INR 1200,7 Seats available
Mumbai to Goa,https://www.redbus.in/bus-tickets/mumbai-to-goa,Laxmi holidays,Bharat Benz A/C Seater /Sleeper (2+1),19:00,15h 30m,10:30,4.4,INR 700,17 Seats available
Mumbai to Goa,https://www.redbus.in/bus-tickets/mumbai-to-goa,Zingbus Plus,VE A/C Sleeper (2+1),20:00,15h 55m,11:55,4.4,1000,9 Seats available
Mumbai to Goa,https://www.redbus.in/bus-tickets/mumbai-to-goa,Zingbus Plus,Bharat Benz A/C Sleeper (2+1),18:00,16h 55m,10:55,4.4,1000,6 Seats available
Mumbai to Goa,https://www.redbus.in/bus-tickets/mumbai-to-goa,Zingbus Plus,AC Sleeper (2+1),17:00,16h 55m,09:55,4.4,1000,12 Seats available
Mumbai to Goa,https://www.redbus.in/bus-tickets/mumbai-to-goa,IntrCity SmartBus,AC Sleeper (2+1),19:30,14h 30m,10:00,4.5,INR 1063,11 Seats available
Mumbai to Goa,https://www.redbus.in/bus-tickets/mumbai-to-goa,Jolly Tours and Travels,NON A/C Sleeper (2+1),18:35,12h 35m,07:10,3.6,900,11 Seats available
Mumbai to Goa,https://www.redbus.in/bus-tickets/mumbai-to-goa,Konkan Travels National,A/C Sleeper (2+1),18:30,16h 55m,11:25,4.0,INR 1000,14 Seats available
Mumbai to Goa,https://www.redbus.in/bus-tickets/mumbai-to-goa,IntrCity SmartBus,AC Sleeper (2+1),16:30,16h 30m,09:00,4.6,INR 1012,8 Seats available
Mumbai to Goa,https://www.redbus.in/bus-tickets/mumbai-to-goa,Atmaram Manish Travels,NON A/C Seater (2+2),15:55,15h 20m,07:15,4.2,INR 600,13 Seats available
Mumbai to Goa,https://www.redbus.in/bus-tickets/mumbai-to-goa,Atmaram Manish Travels,A/C Sleeper (2+1),16:50,16h 25m,09:15,4.3,INR 1000,8 Seats available
Mumbai to Goa,https://www.redbus.in/bus-tickets/mumbai-to-goa,IntrCity SmartBus,AC Sleeper (2+1),17:15,15h 35m,08:50,4.4,INR 1036,6 Seats available
Mumbai to Goa,https://www.redbus.in/bus-tickets/mumbai-to-goa,Dolphin Travel House (37),Bharat Benz A/C Sleeper (2+1),15:55,14h 05m,06:00,4.5,INR 1119,3 Seats available
Mumbai to Goa,https://www.redbus.in/bus-tickets/mumbai-to-goa,Shubhra Sharma Tourist Services,A/C Sleeper (2+1),16:46,17h 45m,10:31,4.4,INR 1000,8 Seats available
Mumbai to Goa,https://www.redbus.in/bus-tickets/mumbai-to-goa,Rajdhani Travels Corporation,A/C Sleeper (2+1),20:50,13h 15m,10:05,4.4,INR 1000,5 Seats available
Mumbai to Goa,https://www.redbus.in/bus-tickets/mumbai-to-goa,Dolphin Travel House (38),Bharat Benz A/C Sleeper (2+1),16:05,15h 25m,07:30,4.1,INR 1019,8 Seats available
Mumbai to Goa,https://www.redbus.in/bus-tickets/mumbai-to-goa,Rajdhani Travels Corporation,VE A/C Sleeper (2+1),19:55,13h 40m,09:35,4.0,1200,3 Seats available
Mumbai to Goa,https://www.redbus.in/bus-tickets/mumbai-to-goa,Dolphin travel house,Bharat Benz A/C Sleeper (2+1),21:30,15h 45m,13:15,3.9,INR 1219,21 Seats available
Mumbai to Goa,https://www.redbus.in/bus-tickets/mumbai-to-goa,Abhishek Vishal Travels,A/C Sleeper (2+1),17:20,16h 55m,10:15,3.5,INR 1000,24 Seats available
Mumbai to Goa,https://www.redbus.in/bus-tickets/mumbai-to-goa,Jolly Tours and Travels,VE A/C Sleeper (2+1),18:35,12h 30m,07:05,4.0,1170,6 Seats available
Mumbai to Goa,https://www.redbus.in/bus-tickets/mumbai-to-goa,Naik Travels (Syndicate),NON A/C Sleeper (2+1),19:30,13h 30m,09:00,3.0,INR 800,14 Seats available
Mumbai to Goa,https://www.redbus.in/bus-tickets/mumbai-to-goa,VRL Travels,A/C Sleeper (2+1),19:00,14h 45m,09:45,3.2,INR 1020,11 Seats available
Mumbai to Goa,https://www.redbus.in/bus-tickets/mumbai-to-goa,Anand Travels,NON A/C Sleeper (2+1),19:00,13h 00m,08:00,3.0,INR 800,13 Seats available
Mumbai to Goa,https://www.redbus.in/bus-tickets/mumbai-to-goa,Konkan Travels National,NON A/C Sleeper (2+1),19:25,14h 20m,09:45,3.8,INR 800,10 Seats available
Mumbai to Goa,https://www.redbus.in/bus-tickets/mumbai-to-goa,Mascot Travels(M.Dev),A/C Sleeper (2+1),19:00,17h 00m,12:00,3.7,INR 1001,16 Seats available
Mumbai to Goa,https://www.redbus.in/bus-tickets/mumbai-to-goa,Shubham Vailankanni Travels,VE A/C Sleeper (2+1),21:00,15h 35m,12:35,3.4,INR 1200,8 Seats available
Mumbai to Goa,https://www.redbus.in/bus-tickets/mumbai-to-goa,Global Travel Agency (GTA),A/C Sleeper (2+1),17:50,18h 10m,12:00,3.9,INR 1000,20 Seats available
Mumbai to Goa,https://www.redbus.in/bus-tickets/mumbai-to-goa,Abhishek Vishal Travels,A/C Sleeper (2+1),16:00,16h 40m,08:40,3.7,INR 1000,18 Seats available
Mumbai to Goa,https://www.redbus.in/bus-tickets/mumbai-to-goa,Dolphin Travel House (40),Bharat Benz A/C Sleeper (2+1),20:00,17h 15m,13:15,3.3,INR 1119,26 Seats available
Mumbai to Goa,https://www.redbus.in/bus-tickets/mumbai-to-goa,Dolphin travel house,A/C Sleeper (2+1),17:45,17h 00m,10:45,3.7,INR 1019,16 Seats available
Mumbai to Goa,https://www.redbus.in/bus-tickets/mumbai-to-goa,Dolphin travel house,A/C Sleeper (2+1),19:00,16h 45m,11:45,3.8,INR 1119,23 Seats available
Mumbai to Goa,https://www.redbus.in/bus-tickets/mumbai-to-goa,Vaibhav travels,A/C Sleeper (2+1),18:00,18h 00m,12:00,3.6,INR 1000,27 Seats available
Mumbai to Goa,https://www.redbus.in/bus-tickets/mumbai-to-goa,Dolphin Travel House (39),A/C Sleeper (2+1),16:00,16h 30m,08:30,3.4,INR 1019,14 Seats available
Mumbai to Goa,https://www.redbus.in/bus-tickets/mumbai-to-goa,Jolly Tours and Travels,A/C Sleeper (2+1),18:30,12h 35m,07:05,2.3,1080,8 Seats available
Mumbai to Goa,https://www.redbus.in/bus-tickets/mumbai-to-goa,Atmaram Manish Travels,A/C Sleeper (2+1),16:50,16h 15m,09:05,3.2,INR 1000,8 Seats available
Mumbai to Goa,https://www.redbus.in/bus-tickets/mumbai-to-goa,Shubhra Sharma Tourist Service,A/C Sleeper (2+1),16:50,17h 30m,10:20,3.8,INR 1000,11 Seats available
Mumbai to Goa,https://www.redbus.in/bus-tickets/mumbai-to-goa,Sanvi Travels - Shree,A/C Sleeper (2+1),17:00,16h 30m,09:30,3.2,INR 1000,12 Seats available
Mumbai to Goa,https://www.redbus.in/bus-tickets/mumbai-to-goa,Shivrameshwar Bane Tours & Travels,A/C Sleeper (2+1),18:00,16h 15m,10:15,3.8,INR 5000,30 Seats available
Mumbai to Goa,https://www.redbus.in/bus-tickets/mumbai-to-goa,Shivrameshwar Bane Tours & Travels,A/C Sleeper (2+1),16:00,16h 15m,08:15,3.8,INR 5000,30 Seats available
Mumbai to Goa,https://www.redbus.in/bus-tickets/mumbai-to-goa,Vaibhav travels,A/C Sleeper (2+1),19:15,16h 15m,11:30,3.2,INR 3000,36 Seats available
Mumbai to Goa,https://www.redbus.in/bus-tickets/mumbai-to-goa,Abhishek Vishal Travels,NON A/C Push Back (2+2),15:55,15h 15m,07:10,2.6,INR 600,7 Seats available
Mumbai to Goa,https://www.redbus.in/bus-tickets/mumbai-to-goa,Shubham Vailankanni Travels,VE A/C Sleeper (2+1),17:30,16h 45m,10:15,2.2,INR 1000,13 Seats available
Mumbai to Goa,https://www.redbus.in/bus-tickets/mumbai-to-goa,AAINATH TRAVELS,A/C Seater / Sleeper (2+1),16:00,15h 00m,07:00,1.7,INR 750,13 Seats available
Mumbai to Goa,https://www.redbus.in/bus-tickets/mumbai-to-goa,Konkan Travels Mujawar,NON A/C Sleeper (2+1),18:50,16h 55m,11:45,2.9,INR 800,3 Seats available
Mumbai to Goa,https://www.redbus.in/bus-tickets/mumbai-to-goa,Mascot Travels(Patil),A/C Sleeper (2+1),16:15,17h 00m,09:15,2.5,INR 1001,14 Seats available
Mumbai to Goa,https://www.redbus.in/bus-tickets/mumbai-to-goa,Karmarkar Travels,A/C Seater / Sleeper (2+1),17:30,17h 45m,11:15,2.5,INR 1000,39 Seats available
Mumbai to Goa,https://www.redbus.in/bus-tickets/mumbai-to-goa,Roshan Travels,A/C Sleeper (2+1),16:45,16h 30m,09:15,2.5,INR 1000,17 Seats available
Mumbai to Goa,https://www.redbus.in/bus-tickets/mumbai-to-goa,Maa tours & Travels,A/C Seater (2+2),17:20,16h 40m,10:00,2.6,INR 1800,19 Seats available
Mumbai to Goa,https://www.redbus.in/bus-tickets/mumbai-to-goa,Naik Tours And Travels,A/C Sleeper (2+1),19:00,15h 00m,10:00,2.8,INR 1000,27 Seats available
Mumbai to Goa,https://www.redbus.in/bus-tickets/mumbai-to-goa,GANESH PRASAD TRAVELS,A/C Seater (2+2),21:00,13h 55m,10:55,2.5,INR 2500,49 Seats available
Mumbai to Goa,https://www.redbus.in/bus-tickets/mumbai-to-goa,GANESH PRASAD TRAVELS,NON A/C Seater (2+2),20:00,13h 55m,09:55,2.5,INR 2500,49 Seats available
Mumbai to Goa,https://www.redbus.in/bus-tickets/mumbai-to-goa,SAI BHAKTI HOLIDAYS,A/C Sleeper (2+1),16:00,15h 45m,07:45,2.2,INR 5000,30 Seats available
Mumbai to Goa,https://www.redbus.in/bus-tickets/mumbai-to-goa,SAI BHAKTI HOLIDAYS,A/C Sleeper (2+1),19:15,15h 00m,10:15,2.2,INR 5000,30 Seats available
Bangalore to Goa,https://www.redbus.in/bus-tickets/bangalore-to-goa,Kadamba Transport Corporation Limited (KTCL) - 141293,Volvo AC Seater 2+2,19:45,12h 30m,08:15,3.8,INR 800,16 Seats available
Bangalore to Goa,https://www.redbus.in/bus-tickets/bangalore-to-goa,Streamline tours and travels,A/C Sleeper (2+1),22:00,12h 05m,10:05,4.0,1399,14 Seats available
Bangalore to Goa,https://www.redbus.in/bus-tickets/bangalore-to-goa,Rajat Travels,A/C Seater / Sleeper (2+1),21:20,13h 10m,10:30,4.1,720,14 Seats available
Bangalore to Goa,https://www.redbus.in/bus-tickets/bangalore-to-goa,Streamline tours and travels,Bharat Benz A/C Sleeper (2+1),20:15,12h 30m,08:45,4.2,1199,11 Seats available
Bangalore to Goa,https://www.redbus.in/bus-tickets/bangalore-to-goa,IntrCity SmartBus,AC Sleeper (2+1),20:30,14h 10m,10:40,4.0,INR 1368,3 Seats available
Bangalore to Goa,https://www.redbus.in/bus-tickets/bangalore-to-goa,Streamline tours and travels,A/C Sleeper (2+1),21:00,13h 00m,10:00,4.3,1399,13 Seats available
Bangalore to Goa,https://www.redbus.in/bus-tickets/bangalore-to-goa,Jolly Tours and Travels,A/C Sleeper (2+1),21:00,12h 30m,09:30,4.3,INR 1050,6 Seats available
Bangalore to Goa,https://www.redbus.in/bus-tickets/bangalore-to-goa,Intercity travels,Bharat Benz A/C Sleeper (2+1),21:00,13h 15m,10:15,4.6,INR 1499,5 Seats available
Bangalore to Goa,https://www.redbus.in/bus-tickets/bangalore-to-goa,Jolly Tours and Travels,A/C Sleeper (2+1),20:45,14h 00m,10:45,4.4,INR 1100,5 Seats available
Bangalore to Goa,https://www.redbus.in/bus-tickets/bangalore-to-goa,Sunrise Tours and Travels,A/C Sleeper (2+1),21:20,12h 05m,09:25,4.5,INR 1499,4 Seats available
Bangalore to Goa,https://www.redbus.in/bus-tickets/bangalore-to-goa,Sunrise Tours and Travels,Bharat Benz A/C Sleeper (2+1),20:15,12h 30m,08:45,4.3,INR 1499,5 Seats available
Bangalore to Goa,https://www.redbus.in/bus-tickets/bangalore-to-goa,Intercity travels,Bharat Benz A/C Sleeper (2+1),22:05,13h 00m,11:05,4.3,INR 1499,4 Seats available
Bangalore to Goa,https://www.redbus.in/bus-tickets/bangalore-to-goa,Sugama Tourist,NON A/C Sleeper (2+1),20:00,12h 15m,08:15,4.0,1045,5 Seats available
Bangalore to Goa,https://www.redbus.in/bus-tickets/bangalore-to-goa,Gowthami Tours and Travels,A/C Sleeper (2+1),19:45,11h 30m,07:15,2.6,1700,32 Seats available
Bangalore to Goa,https://www.redbus.in/bus-tickets/bangalore-to-goa,Butterfly Holidays,VE A/C Sleeper (2+1),21:10,12h 25m,09:35,4.8,INR 1699,1 Seat available
Bangalore to Goa,https://www.redbus.in/bus-tickets/bangalore-to-goa,Sea Bird Tourist,A/C Sleeper (2+1),22:30,13h 00m,11:30,3.8,INR 999,15 Seats available
Bangalore to Goa,https://www.redbus.in/bus-tickets/bangalore-to-goa,IntrCity SmartBus,AC Sleeper (2+1),21:30,13h 50m,11:20,3.9,INR 1039,13 Seats available
Bangalore to Goa,https://www.redbus.in/bus-tickets/bangalore-to-goa,Sea Bird Tourist,Volvo 9600 Multi-Axle A/C Sleeper (2+1),23:30,13h 00m,12:30,3.0,INR 1100,22 Seats available
Bangalore to Goa,https://www.redbus.in/bus-tickets/bangalore-to-goa,Sea Bird Tourist,NON A/C Sleeper (2+1),18:00,13h 30m,07:30,3.2,INR 1000,7 Seats available
Bangalore to Goa,https://www.redbus.in/bus-tickets/bangalore-to-goa,VRL Travels,NON A/C Sleeper (2+1),20:00,13h 30m,09:30,3.4,INR 1300,7 Seats available
Bangalore to Goa,https://www.redbus.in/bus-tickets/bangalore-to-goa,Limousine Tours & Travels,A/C Sleeper (2+1),20:20,13h 50m,10:10,3.6,INR 1300,5 Seats available
Bangalore to Goa,https://www.redbus.in/bus-tickets/bangalore-to-goa,Gowthami Tours and Travels,Volvo Multi Axle B9R A/C Sleeper (2+1),20:45,10h 30m,07:15,2.6,1800,27 Seats available
Bangalore to Goa,https://www.redbus.in/bus-tickets/bangalore-to-goa,VKV Travels,A/C Sleeper (2+1),22:55,11h 05m,10:00,3.7,1240,28 Seats available
Bangalore to Goa,https://www.redbus.in/bus-tickets/bangalore-to-goa,National travels,Bharat Benz A/C Sleeper (2+1),21:30,12h 00m,09:30,3.3,INR 857,13 Seats available
Bangalore to Goa,https://www.redbus.in/bus-tickets/bangalore-to-goa,PSR Travels Goa,A/C Seater / Sleeper (2+1),21:00,13h 30m,10:30,3.6,INR 2699,33 Seats available
Bangalore to Goa,https://www.redbus.in/bus-tickets/bangalore-to-goa,Sea Bird Tourist,NON A/C Sleeper (2+1),20:30,14h 00m,10:30,2.8,INR 800,14 Seats available
Bangalore to Goa,https://www.redbus.in/bus-tickets/bangalore-to-goa,Anand Travels,NON A/C Sleeper (2+1),18:30,11h 00m,05:30,2.6,770,5 Seats available
Bangalore to Goa,https://www.redbus.in/bus-tickets/bangalore-to-goa,Anand Travels,A/C Sleeper (2+1),21:30,11h 00m,08:30,2.8,INR 952,16 Seats available
Bangalore to Goa,https://www.redbus.in/bus-tickets/bangalore-to-goa,VRL Travels,A/C Sleeper (2+1),21:00,13h 45m,10:45,2.9,INR 1500,10 Seats available
Bangalore to Goa,https://www.redbus.in/bus-tickets/bangalore-to-goa,DA Transports,NON A/C Sleeper (2+1),20:15,11h 45m,08:00,3.6,5998,36 Seats available
Bangalore to Goa,https://www.redbus.in/bus-tickets/bangalore-to-goa,SRS Travels,NON AC Seater / Sleeper 2+1,20:00,13h 30m,09:30,2.2,INR 799,9 Seats available
Bangalore to Goa,https://www.redbus.in/bus-tickets/bangalore-to-goa,VRL Travels,A/C Seater / Sleeper (2+1),19:30,13h 45m,09:15,2.2,INR 1000,12 Seats available
Bangalore to Goa,https://www.redbus.in/bus-tickets/bangalore-to-goa,National travels,Bharat Benz A/C Sleeper (2+1),22:25,11h 35m,10:00,2.1,INR 1000,29 Seats available
Bangalore to Goa,https://www.redbus.in/bus-tickets/bangalore-to-goa,Sea Bird Tourist,Volvo Multi-Axle I-Shift B11R Semi Sleeper (2+2),23:30,13h 00m,12:30,2.6,INR 900,42 Seats available
Bangalore to Goa,https://www.redbus.in/bus-tickets/bangalore-to-goa,VM CABS,A/C Sleeper (2+1),18:00,14h 40m,08:40,2.4,INR 2500,30 Seats available
Bangalore to Goa,https://www.redbus.in/bus-tickets/bangalore-to-goa,VM CABS,A/C Sleeper (2+1),18:00,14h 40m,08:40,2.6,INR 2500,30 Seats available
Bangalore to Goa,https://www.redbus.in/bus-tickets/bangalore-to-goa,Samarath Tours and Travels,Non A/C Seater / Sleeper (2+1),18:30,13h 05m,07:35,N/A,INR 1999,37 Seats available
Bangalore to Goa,https://www.redbus.in/bus-tickets/bangalore-to-goa,THANUSHREE TOURS N TRAVELS,A/C Sleeper (2+1),20:40,12h 05m,08:45,N/A,INR 4999,30 Seats available
Bangalore to Goa,https://www.redbus.in/bus-tickets/bangalore-to-goa,Sugama Tourist,NON A/C Sleeper (2+1),20:00,11h 45m,07:45,N/A,INR 1100,5 Seats available
Belagavi to Goa,https://www.redbus.in/bus-tickets/belagavi-to-goa,S R Travels,NON A/C Sleeper (2+1),01:00,05h 00m,06:00,2.4,INR 799,7 Seats available
Goa to Mumbai,https://www.redbus.in/bus-tickets/goa-to-mumbai,Kadamba Transport Corporation Limited (KTCL) - 116186,Volvo AC Seater 2+2,18:30,13h 30m,08:00,3.9,INR 1200,12 Seats available
Goa to Mumbai,https://www.redbus.in/bus-tickets/goa-to-mumbai,Zingbus Plus,VE A/C Sleeper (2+1),20:25,15h 30m,11:55,4.4,1000,11 Seats available
Goa to Mumbai,https://www.redbus.in/bus-tickets/goa-to-mumbai,Atmaram Travels(GTA),A/C Sleeper (2+1),19:00,14h 35m,09:35,4.1,INR 1000,14 Seats available
Goa to Mumbai,https://www.redbus.in/bus-tickets/goa-to-mumbai,Atmaram Travels (Dolphin),A/C Sleeper (2+1),19:30,14h 40m,10:10,4.0,INR 1000,26 Seats available
Goa to Mumbai,https://www.redbus.in/bus-tickets/goa-to-mumbai,Atmaram Travels (Unity),A/C Sleeper (2+1),20:00,15h 05m,11:05,4.1,INR 1000,26 Seats available
Goa to Mumbai,https://www.redbus.in/bus-tickets/goa-to-mumbai,Laxmi holidays,Bharat Benz A/C Seater /Sleeper (2+1),21:30,16h 30m,14:00,4.4,INR 800,40 Seats available
Goa to Mumbai,https://www.redbus.in/bus-tickets/goa-to-mumbai,"National Travels,Goa",A/C Sleeper (2+1),19:30,15h 00m,10:30,4.2,INR 1000,12 Seats available
Goa to Mumbai,https://www.redbus.in/bus-tickets/goa-to-mumbai,Atmaram Travels (Vishal),A/C Sleeper (2+1),17:30,15h 00m,08:30,4.3,INR 1000,19 Seats available
Goa to Mumbai,https://www.redbus.in/bus-tickets/goa-to-mumbai,Atmaram Travels (Dolphin),A/C Sleeper (2+1),22:45,14h 50m,13:35,4.1,INR 1000,25 Seats available
Goa to Mumbai,https://www.redbus.in/bus-tickets/goa-to-mumbai,Manish Travels,A/C Sleeper (2+1),19:30,14h 00m,09:30,4.5,INR 1000,17 Seats available
Goa to Mumbai,https://www.redbus.in/bus-tickets/goa-to-mumbai,Zingbus Plus,Bharat Benz A/C Sleeper (2+1),19:40,14h 35m,10:15,4.4,1000,8 Seats available
Goa to Mumbai,https://www.redbus.in/bus-tickets/goa-to-mumbai,"National Travels,Goa",NON A/C Sleeper (2+1),18:30,13h 00m,07:30,4.0,INR 800,12 Seats available
Goa to Mumbai,https://www.redbus.in/bus-tickets/goa-to-mumbai,Rajdhani Travels Corporation,VE A/C Sleeper (2+1),19:30,12h 40m,08:10,4.0,INR 1000,4 Seats available
Goa to Mumbai,https://www.redbus.in/bus-tickets/goa-to-mumbai,Rajdhani Travels Corporation,A/C Sleeper (2+1),18:30,12h 15m,06:45,4.2,INR 1000,5 Seats available
Goa to Mumbai,https://www.redbus.in/bus-tickets/goa-to-mumbai,IntrCity SmartBus,AC Sleeper (2+1),18:30,14h 30m,09:00,4.2,INR 1000,7 Seats available
Goa to Mumbai,https://www.redbus.in/bus-tickets/goa-to-mumbai,VAILANKANNI TRAVELS,VE A/C Sleeper (2+1),16:25,14h 30m,06:55,4.3,INR 1000,16 Seats available
Goa to Mumbai,https://www.redbus.in/bus-tickets/goa-to-mumbai,Atmaram Travels (Dolphin),A/C Sleeper (2+1),15:55,13h 05m,05:00,4.1,INR 1199,3 Seats available
Goa to Mumbai,https://www.redbus.in/bus-tickets/goa-to-mumbai,Atmaram Travels (Dolphin),A/C Sleeper (2+1),16:05,14h 10m,06:15,4.2,INR 1000,8 Seats available
Goa to Mumbai,https://www.redbus.in/bus-tickets/goa-to-mumbai,Atmaram Travels(M.Dev),A/C Sleeper (2+1),21:02,14h 10m,11:12,3.6,INR 1000,29 Seats available
Goa to Mumbai,https://www.redbus.in/bus-tickets/goa-to-mumbai,VRL Travels,A/C Sleeper (2+1),19:30,15h 30m,11:00,3.3,INR 900,19 Seats available
Goa to Mumbai,https://www.redbus.in/bus-tickets/goa-to-mumbai,VAILANKANNI TRAVELS,VE A/C Sleeper (2+1),20:40,14h 20m,11:00,3.9,INR 1000,21 Seats available
Goa to Mumbai,https://www.redbus.in/bus-tickets/goa-to-mumbai,PSR Travels (Vaibhav),A/C Sleeper (2+1),22:30,14h 00m,12:30,3.9,INR 1050,28 Seats available
Goa to Mumbai,https://www.redbus.in/bus-tickets/goa-to-mumbai,Atmaram Travels (Vishal),Non AC Seater (2+2),18:10,15h 10m,09:20,3.7,INR 600,17 Seats available
Goa to Mumbai,https://www.redbus.in/bus-tickets/goa-to-mumbai,Atmaram Travels (Dolphin),A/C Sleeper (2+1),18:30,16h 35m,11:05,3.6,INR 1000,30 Seats available
Goa to Mumbai,https://www.redbus.in/bus-tickets/goa-to-mumbai,Atmaram Travels (Vaibhav),A/C Sleeper (2+1),22:31,14h 10m,12:41,3.1,INR 1000,23 Seats available
Goa to Mumbai,https://www.redbus.in/bus-tickets/goa-to-mumbai,Manish Roshan Travels,A/C Sleeper (2+1),20:30,14h 00m,10:30,3.5,INR 1000,23 Seats available
Goa to Mumbai,https://www.redbus.in/bus-tickets/goa-to-mumbai,Anand Travels,NON A/C Sleeper (2+1),19:30,13h 00m,08:30,3.2,INR 800,7 Seats available
Goa to Mumbai,https://www.redbus.in/bus-tickets/goa-to-mumbai,Atmaram Travels(M.Dev),A/C Sleeper (2+1),22:00,14h 35m,12:35,3.8,INR 1000,29 Seats available
Goa to Mumbai,https://www.redbus.in/bus-tickets/goa-to-mumbai,IntrCity SmartBus,AC Sleeper (2+1),21:00,14h 20m,11:20,3.9,INR 1108,6 Seats available
Goa to Mumbai,https://www.redbus.in/bus-tickets/goa-to-mumbai,Vailankanni Travels - Mujawar,NON A/C Sleeper (2+1),19:40,13h 20m,09:00,3.7,INR 800,13 Seats available
Goa to Mumbai,https://www.redbus.in/bus-tickets/goa-to-mumbai,Atmaram Travels (Dolphin),A/C Sleeper (2+1),16:30,14h 45m,07:15,3.9,INR 1000,14 Seats available
Goa to Mumbai,https://www.redbus.in/bus-tickets/goa-to-mumbai,Manish Patil Travels,A/C Sleeper (2+1),17:00,15h 30m,08:30,3.3,INR 1000,23 Seats available
Goa to Mumbai,https://www.redbus.in/bus-tickets/goa-to-mumbai,Sai Travels - Yogeshwari,A/C Seater/Sleeper (2+1),17:00,16h 35m,09:35,3.2,INR 4000,33 Seats available
Goa to Mumbai,https://www.redbus.in/bus-tickets/goa-to-mumbai,Manish Travels,Non AC Seater (2+2),18:30,14h 30m,09:00,2.7,INR 600,28 Seats available
Goa to Mumbai,https://www.redbus.in/bus-tickets/goa-to-mumbai,Manish Sharma Travels,A/C Sleeper (2+1),21:30,13h 50m,11:20,2.0,INR 1000,28 Seats available
Goa to Mumbai,https://www.redbus.in/bus-tickets/goa-to-mumbai,Naik Tours And Travels,NON A/C Sleeper (2+1),18:20,13h 10m,07:30,2.7,INR 800,15 Seats available
Goa to Mumbai,https://www.redbus.in/bus-tickets/goa-to-mumbai,Jolly Tours and Travels,A/C Sleeper (2+1),19:25,12h 05m,07:30,2.2,INR 1499,5 Seats available
Goa to Mumbai,https://www.redbus.in/bus-tickets/goa-to-mumbai,Maa tours & Travels,A/C Seater (2+2),16:30,14h 15m,06:45,1.8,INR 2000,39 Seats available
Goa to Mumbai,https://www.redbus.in/bus-tickets/goa-to-mumbai,GANESH PRASAD TRAVELS,NON A/C Seater (2+2),17:00,15h 10m,08:10,2.5,INR 2000,49 Seats available
Goa to Mumbai,https://www.redbus.in/bus-tickets/goa-to-mumbai,Kokan Holidays,Non AC Seater (2+2),17:00,14h 30m,07:30,1.7,INR 2100,4 Seats available
Goa to Mumbai,https://www.redbus.in/bus-tickets/goa-to-mumbai,Kokan Holidays - Muskan,NON A/C Sleeper (2+1),16:00,14h 30m,06:30,1.5,INR 800,21 Seats available
Goa to Mumbai,https://www.redbus.in/bus-tickets/goa-to-mumbai,GANESH PRASAD TRAVELS,A/C Seater (2+2),17:40,14h 30m,08:10,2.5,INR 2500,49 Seats available
Goa to Mumbai,https://www.redbus.in/bus-tickets/goa-to-mumbai,Shree Chamunda Travels Agency,NON A/C Sleeper (2+1),23:00,14h 10m,13:10,2.2,INR 5000,40 Seats available
Goa to Bangalore,https://www.redbus.in/bus-tickets/goa-to-bangalore,Kadamba Transport Corporation Limited (KTCL) - 5633,Volvo AC Seater 2+2,18:30,14h 00m,08:30,3.7,INR 800,18 Seats available
Goa to Bangalore,https://www.redbus.in/bus-tickets/goa-to-bangalore,Streamline tours and travels,A/C Sleeper (2+1),18:00,12h 30m,06:30,4.3,989,9 Seats available
Goa to Bangalore,https://www.redbus.in/bus-tickets/goa-to-bangalore,Streamline tours and travels,A/C Sleeper (2+1),19:00,12h 30m,07:30,4.1,989,13 Seats available
Goa to Bangalore,https://www.redbus.in/bus-tickets/goa-to-bangalore,Sunrise Tours and Travels,A/C Sleeper (2+1),18:30,12h 40m,07:10,4.3,INR 1099,6 Seats available
Goa to Bangalore,https://www.redbus.in/bus-tickets/goa-to-bangalore,Intercity travels,Bharat Benz A/C Sleeper (2+1),18:00,13h 15m,07:15,4.4,INR 999,8 Seats available
Goa to Bangalore,https://www.redbus.in/bus-tickets/goa-to-bangalore,Sunrise Tours and Travels,A/C Sleeper (2+1),18:15,11h 40m,05:55,4.5,INR 1099,11 Seats available
Goa to Bangalore,https://www.redbus.in/bus-tickets/goa-to-bangalore,Jolly Tours and Travels,A/C Sleeper (2+1),18:00,14h 10m,08:10,3.8,719,18 Seats available
Goa to Bangalore,https://www.redbus.in/bus-tickets/goa-to-bangalore,IntrCity SmartBus,AC Sleeper (2+1),17:00,13h 40m,06:40,4.4,INR 1219,4 Seats available
Goa to Bangalore,https://www.redbus.in/bus-tickets/goa-to-bangalore,Sunrise Tours and Travels,Bharat Benz A/C Sleeper (2+1),20:00,11h 40m,07:40,4.4,INR 1099,3 Seats available
Goa to Bangalore,https://www.redbus.in/bus-tickets/goa-to-bangalore,VRL Travels,NON A/C Sleeper (2+1),18:00,14h 00m,08:00,3.9,INR 900,3 Seats available
Goa to Bangalore,https://www.redbus.in/bus-tickets/goa-to-bangalore,Intercity travels,Bharat Benz A/C Sleeper (2+1),17:15,13h 15m,06:30,3.8,INR 999,11 Seats available
Goa to Bangalore,https://www.redbus.in/bus-tickets/goa-to-bangalore,Shanta Travels,NON A/C Sleeper (2+1),18:15,13h 15m,07:30,3.7,INR 3000,30 Seats available
Goa to Bangalore,https://www.redbus.in/bus-tickets/goa-to-bangalore,Sea Bird Tourist,Volvo 9600 Multi-Axle A/C Sleeper (2+1),19:30,13h 00m,08:30,3.3,INR 1300,26 Seats available
Goa to Bangalore,https://www.redbus.in/bus-tickets/goa-to-bangalore,VKV Travels,A/C Sleeper (2+1),15:55,09h 10m,01:05,3.8,1140,4 Seats available
Goa to Bangalore,https://www.redbus.in/bus-tickets/goa-to-bangalore,Sugama Tourist,NON A/C Sleeper (2+1),18:30,12h 45m,07:15,3.2,INR 900,9 Seats available
Goa to Bangalore,https://www.redbus.in/bus-tickets/goa-to-bangalore,Janatha Travels,NON A/C Sleeper (2+1),19:00,11h 35m,06:35,3.5,INR 12345,30 Seats available
Goa to Bangalore,https://www.redbus.in/bus-tickets/goa-to-bangalore,Shanta Travels,NON A/C Sleeper (2+1),18:15,13h 15m,07:30,3.8,INR 3000,30 Seats available
Goa to Bangalore,https://www.redbus.in/bus-tickets/goa-to-bangalore,Sea Bird Tourist,A/C Sleeper (2+1),20:30,13h 00m,09:30,2.9,INR 1000,23 Seats available
Goa to Bangalore,https://www.redbus.in/bus-tickets/goa-to-bangalore,Rajat Travels,A/C Seater / Sleeper (2+1),18:00,12h 35m,06:35,2.7,630,15 Seats available
Goa to Bangalore,https://www.redbus.in/bus-tickets/goa-to-bangalore,National travels,Bharat Benz A/C Sleeper (2+1),17:00,12h 30m,05:30,1.2,INR 950,24 Seats available
Goa to Bangalore,https://www.redbus.in/bus-tickets/goa-to-bangalore,VRL Travels,A/C Sleeper (2+1),20:00,14h 00m,10:00,2.8,INR 900,8 Seats available
Goa to Bangalore,https://www.redbus.in/bus-tickets/goa-to-bangalore,Sea Bird Tourist,NON A/C Sleeper (2+1),18:30,14h 00m,08:30,2.5,INR 800,20 Seats available
Goa to Bangalore,https://www.redbus.in/bus-tickets/goa-to-bangalore,Anand Travels,A/C Sleeper (2+1),18:30,12h 15m,06:45,1.9,INR 800,18 Seats available
Goa to Bangalore,https://www.redbus.in/bus-tickets/goa-to-bangalore,Sea Bird Tourist,NON A/C Sleeper (2+1),17:30,14h 00m,07:30,2.9,INR 800,26 Seats available
Goa to Bangalore,https://www.redbus.in/bus-tickets/goa-to-bangalore,SRS Travels,NON AC Seater / Sleeper 2+1,18:00,13h 30m,07:30,2.3,INR 499,26 Seats available
Goa to Bangalore,https://www.redbus.in/bus-tickets/goa-to-bangalore,Gowthami Tours and Travels,Volvo Multi Axle B9R A/C Sleeper (2+1),18:15,12h 45m,07:00,2.6,1800,36 Seats available
Goa to Bangalore,https://www.redbus.in/bus-tickets/goa-to-bangalore,Anand Travels,A/C Sleeper (2+1),20:00,12h 15m,08:15,1.6,860,8 Seats available
Goa to Bangalore,https://www.redbus.in/bus-tickets/goa-to-bangalore,Sugama Tourist,NON A/C Sleeper (2+1),17:30,13h 48m,07:18,2.5,INR 900,9 Seats available
Goa to Bangalore,https://www.redbus.in/bus-tickets/goa-to-bangalore,PSR Travels Goa,A/C Seater / Sleeper (2+1),20:05,11h 25m,07:30,2.8,INR 3199,40 Seats available
Goa to Bangalore,https://www.redbus.in/bus-tickets/goa-to-bangalore,Sri Benaka Travels,A/C Sleeper (2+1),22:10,12h 15m,10:25,2.9,INR 4000,34 Seats available
Goa to Bangalore,https://www.redbus.in/bus-tickets/goa-to-bangalore,Samarath Tours and Travels,Non A/C Seater / Sleeper (2+1),17:00,13h 05m,06:05,2.4,INR 1999,37 Seats available
Goa to Bangalore,https://www.redbus.in/bus-tickets/goa-to-bangalore,THANUSHREE TOURS N TRAVELS,A/C Sleeper (2+1),18:50,12h 45m,07:35,N/A,INR 4999,30 Seats available
Goa to Belagavi,https://www.redbus.in/bus-tickets/goa-to-belagavi,PVS Tours and Travels,A/C Sleeper (2+1),16:00,05h 00m,21:00,3.6,INR 1499,8 Seats available
Goa to Belagavi,https://www.redbus.in/bus-tickets/goa-to-belagavi,National travels,Bharat Benz A/C Sleeper (2+1),16:00,06h 15m,22:15,3.3,INR 950,24 Seats available
Goa to Belagavi,https://www.redbus.in/bus-tickets/goa-to-belagavi,VRL Travels,A/C Sleeper (2+1),16:30,04h 40m,21:10,3.4,INR 1200,13 Seats available
Goa to Belagavi,https://www.redbus.in/bus-tickets/goa-to-belagavi,Rajat Travels,A/C Seater / Sleeper (2+1),18:00,04h 30m,22:30,3.3,540,18 Seats available
Goa to Belagavi,https://www.redbus.in/bus-tickets/goa-to-belagavi,PVS Tours and Travels,A/C Sleeper (2+1),19:00,03h 45m,22:45,3.4,INR 1599,11 Seats available
Goa to Belagavi,https://www.redbus.in/bus-tickets/goa-to-belagavi,PVS Tours and Travels,A/C Sleeper (2+1),19:00,04h 00m,23:00,3.4,INR 1000,11 Seats available
Goa to Belagavi,https://www.redbus.in/bus-tickets/goa-to-belagavi,S R Travels,A/C Seater/Sleeper (2+1),20:30,05h 30m,02:00,3.2,INR 700,23 Seats available
Goa to Belagavi,https://www.redbus.in/bus-tickets/goa-to-belagavi,Shirdi Xpress,A/C Sleeper (2+1),17:00,04h 30m,21:30,2.4,INR 654,6 Seats available
Goa to Belagavi,https://www.redbus.in/bus-tickets/goa-to-belagavi,Orange Tours And Travels,A/C Sleeper (2+1),17:30,04h 30m,22:00,2.9,INR 1000,2 Seats available
Goa to Belagavi,https://www.redbus.in/bus-tickets/goa-to-belagavi,S R Travels,NON A/C Sleeper (2+1),20:00,03h 59m,23:59,1.2,INR 800,17 Seats available
Goa to Belagavi,https://www.redbus.in/bus-tickets/goa-to-belagavi,Humsafar Travels,Bharat Benz A/C Sleeper (2+1),21:00,04h 15m,01:15,2.9,INR 1450,7 Seats available
Goa to Belagavi,https://www.redbus.in/bus-tickets/goa-to-belagavi,Hriday Tours & Travels,Volvo Multi-Axle A/C Sleeper (2+1),19:00,02h 00m,21:00,1.6,INR 7000,36 Seats available
Pandharpur to Goa,https://www.redbus.in/bus-tickets/pandharpur-to-goa,Kadamba Transport Corporation Limited (KTCL) - 61005,Non AC Seater 2+2,21:15,12h 45m,10:00,3.1,INR 735,30 Seats available
Pandharpur to Goa,https://www.redbus.in/bus-tickets/pandharpur-to-goa,New Shivbaba Tours And Travels,AC Sleeper (2+1),19:45,10h 15m,06:00,2.3,1044,22 Seats available
Solapur to Goa,https://www.redbus.in/bus-tickets/solapur-to-goa,Kadamba Transport Corporation Limited (KTCL) - 61005,Non AC Seater 2+2,20:00,14h 00m,10:00,3.7,INR 850,30 Seats available
Solapur to Goa,https://www.redbus.in/bus-tickets/solapur-to-goa,Humsafar Travels,Bharat Benz A/C Sleeper (2+1),23:15,08h 45m,08:00,2.9,INR 1250,17 Seats available
Solapur to Goa,https://www.redbus.in/bus-tickets/solapur-to-goa,Khurana Travel Services,A/C Sleeper (2+1),21:45,09h 45m,07:30,3.7,INR 615,15 Seats available
Solapur to Goa,https://www.redbus.in/bus-tickets/solapur-to-goa,Sharma Travels,AC Sleeper (2+1),23:01,10h 00m,09:01,4.4,INR 700,11 Seats available
Solapur to Goa,https://www.redbus.in/bus-tickets/solapur-to-goa,AR Group Vijaylaxmi Travels,VE A/C Sleeper (2+1),19:00,11h 00m,06:00,4.3,INR 2000,36 Seats available
Solapur to Goa,https://www.redbus.in/bus-tickets/solapur-to-goa,S R Travels,A/C Seater/Sleeper (2+1),18:45,12h 15m,07:00,2.7,INR 600,28 Seats available
Solapur to Goa,https://www.redbus.in/bus-tickets/solapur-to-goa,New Shivbaba Tours And Travels,AC Sleeper (2+1),18:00,12h 00m,06:00,1.8,1044,22 Seats available
Solapur to Goa,https://www.redbus.in/bus-tickets/solapur-to-goa,Sharma Travels,Bharat Benz A/C Sleeper (2+1),22:30,10h 00m,08:30,3.9,INR 700,22 Seats available
